Lat.,Long.,Titolo,Id,Nr. Incendio,Data Incendio,Ora Accertamento,Ora Richiesta,Regione,Provincia,Comune,Località,DMS_lat,DMS_lon
37.26,14.034,,15957,1,30/06/2022,30/06/2022 08:33,09:33,Sicilia,Caltanissetta,Mazzarino,BRIGADIECI,37° 15' 35'' N,14° 02' 02'' E
38.571,15.979,,15958,2,30/06/2022,30/06/2022 14:54,15:03,Calabria,Vibo Valentia,Limbadi,Motta Filocastro,38° 34' 15'' N,15° 58' 44'' E
38.074,14.704,,15959,3,30/06/2022,30/06/2022 15:59,16:18,Sicilia,Messina,San Marco d'Alunzio,s.marco d'alunzio,38° 04' 26'' N,14° 42' 14'' E
38.554,16.129,,15960,4,30/06/2022,30/06/2022 17:22,17:24,Calabria,Vibo Valentia,Dinami,Soreto,38° 33' 14'' N,16° 07' 44'' E
42.553,14.097,,15961,5,30/06/2022,30/06/2022 11:18,17:37,Abruzzo,Teramo,Silvi,Contrada Pianacce,42° 33' 10'' N,14° 05' 49'' E
41.446,13.903,,15962,6,30/06/2022,30/06/2022 17:46,17:53,Lazio,Frosinone,San Vittore del Lazio,MONTE PORCHIO,41° 26' 45'' N,13° 54' 10'' E
37.255,14.64,,15963,7,30/06/2022,30/06/2022 16:15,18:35,Sicilia,Catania,Mineo,Monte Angarello,37° 15' 18'' N,14° 38' 24'' E
44.243,11.087,,15964,8,30/06/2022,30/06/2022 16:00,18:43,Emilia-Romagna,Bologna,Vergato,carbona,44° 14' 34'' N,11° 05' 13'' E
37.873,13.444,,15939,1,29/06/2022,29/06/2022 06:10,06:42,Sicilia,Palermo,Mezzojuso,bvio mezzojuso,37° 52' 22'' N,13° 26' 38'' E
41.136,13.899,,15940,2,29/06/2022,28/06/2022 14:44,07:04,Campania,Caserta,Mondragone,Incaldana,41° 08' 09'' N,13° 53' 56'' E
37.416,14.451,,15941,3,29/06/2022,29/06/2022 07:04,07:23,Sicilia,Enna,Aidone,chiesa annunziata,37° 24' 57'' N,14° 27' 03'' E
37.955,13.229,,15942,4,29/06/2022,29/06/2022 07:45,07:53,Sicilia,Palermo,Monreale,cerasa,37° 57' 17'' N,13° 13' 44'' E
40.825,16.41,,15943,5,29/06/2022,29/06/2022 10:42,11:58,Puglia,Bari,Gravina in Puglia,Madonna della Stella,40° 49' 30'' N,16° 24' 36'' E
40.576,17.862,,15944,6,29/06/2022,29/06/2022 12:19,12:32,Puglia,Brindisi,Brindisi,BOSCO I LUCCI,40° 34' 33'' N,17° 51' 43'' E
37.125,14.429,,15945,7,29/06/2022,29/06/2022 13:04,13:14,Sicilia,Caltanissetta,Niscemi,ULMO,37° 07' 30'' N,14° 25' 44'' E
40.984,15.716,,15946,8,29/06/2022,29/06/2022 12:55,13:14,Basilicata,Potenza,Rapolla,C/da Cerro,40° 59' 02'' N,15° 42' 57'' E
41.576,13.6,,15947,9,29/06/2022,29/06/2022 13:06,13:46,Lazio,Frosinone,Rocca d'Arce,monticelli del carmine,41° 34' 33'' N,13° 35' 59'' E
37.843,14.889,,15948,10,29/06/2022,29/06/2022 13:32,13:52,Sicilia,Catania,Bronte,C.DA TARTARACI,37° 50' 34'' N,14° 53' 20'' E
37.221,14.644,,15949,11,29/06/2022,29/06/2022 13:50,14:17,Sicilia,Catania,Grammichele,Poggio Tenutella,37° 13' 15'' N,14° 38' 38'' E
37.268,14.804,,15950,12,29/06/2022,29/06/2022 14:19,14:43,Sicilia,Catania,Militello in Val di Catania,Piano Di Santa Barbara,37° 16' 04'' N,14° 48' 14'' E
39.56,16.521,,15951,13,29/06/2022,29/06/2022 15:00,15:06,Calabria,Cosenza,Corigliano Calabro,Piano Caruso,39° 33' 36'' N,16° 31' 15'' E
41.687,15.997,,15952,14,29/06/2022,29/06/2022 13:30,15:08,Puglia,Foggia,Monte Sant'Angelo,bacino,41° 41' 13'' N,15° 59' 49'' E
38.112,15.684,,15953,15,29/06/2022,29/06/2022 15:27,15:32,Calabria,Reggio di Calabria,Reggio di Calabria,C.da Pietrastorta,38° 06' 43'' N,15° 41' 02'' E
36.959,15.154,,15954,16,29/06/2022,29/06/2022 13:34,15:33,Sicilia,Siracusa,Avola,Centrale Enel Cassibile,36° 57' 32'' N,15° 09' 14'' E
39.537,16.258,,15955,17,29/06/2022,29/06/2022 16:41,16:45,Calabria,Cosenza,Bisignano,C.da Duglia,39° 32' 13'' N,16° 15' 28'' E
41.456,13.614,,15956,18,29/06/2022,29/06/2022 17:08,17:24,Lazio,Frosinone,Pontecorvo,,41° 27' 21'' N,13° 36' 50'' E
38.077,14.792,,15923,1,28/06/2022,28/06/2022 05:15,06:04,Sicilia,Messina,Castell'Umberto,Bivio Colamarco,38° 04' 37'' N,14° 47' 31'' E
38.123,14.871,,15924,2,28/06/2022,28/06/2022 06:14,06:27,Sicilia,Messina,Sant'Angelo di Brolo,Provvidenza,38° 07' 22'' N,14° 52' 15'' E
37.881,13.465,,15925,3,28/06/2022,28/06/2022 08:10,08:24,Sicilia,Palermo,Mezzojuso,bvio mezzojuso Mezzojuso (PA) - Mezzojuso (PA),37° 52' 51'' N,13° 27' 53'' E
40.545,16.89,,15926,4,28/06/2022,28/06/2022 05:40,08:43,Puglia,Taranto,Castellaneta,Gaudella,40° 32' 42'' N,16° 53' 24'' E
42.148,12.782,,15927,5,28/06/2022,28/06/2022 08:00,09:02,Lazio,Roma,Montorio Romano,monte lago,42° 08' 52'' N,12° 46' 55'' E
40.853,14.107,,15928,6,28/06/2022,28/06/2022 06:00,10:11,Campania,Napoli,Pozzuoli,Campiglione,40° 51' 10'' N,14° 06' 25'' E
37.166,14.102,,15929,7,28/06/2022,28/06/2022 12:40,12:55,Sicilia,Caltanissetta,Butera,M. Carruba - Butera (CL),37° 09' 57'' N,14° 06' 07'' E
38.572,15.971,,15930,8,28/06/2022,28/06/2022 12:53,12:57,Calabria,Vibo Valentia,Limbadi,Motta Filocastro,38° 34' 19'' N,15° 58' 15'' E
40.545,16.89,,15931,9,28/06/2022,28/06/2022 12:45,13:52,Puglia,Taranto,Castellaneta,Gaudella,40° 32' 42'' N,16° 53' 24'' E
41.549,13.17,,15932,10,28/06/2022,28/06/2022 14:18,14:36,Lazio,Latina,Maenza,via Carpinetana,41° 32' 56'' N,13° 10' 11'' E
37.134,15.084,,15933,11,28/06/2022,28/06/2022 14:50,15:01,Sicilia,Siracusa,Sortino,Barraco - Sortino (SR),37° 08' 02'' N,15° 05' 02'' E
37.955,13.229,,15934,12,28/06/2022,28/06/2022 15:30,15:40,Sicilia,Palermo,Monreale,Cerasa - Monreale (PA),37° 57' 17'' N,13° 13' 44'' E
38.001,15.662,,15935,13,28/06/2022,28/06/2022 16:18,16:20,Calabria,Reggio di Calabria,Reggio di Calabria,San Filippo Pellaro,38° 00' 03'' N,15° 39' 43'' E
37.991,13.181,,15936,14,28/06/2022,28/06/2022 16:20,16:35,Sicilia,Palermo,Monreale,C.DA DAMMUSI,37° 59' 27'' N,13° 10' 51'' E
41.918,12.874,,15937,15,28/06/2022,28/06/2022 17:07,17:27,Lazio,Roma,San Gregorio da Sassola,,41° 55' 04'' N,12° 52' 26'' E
41.13,13.899,,15938,16,28/06/2022,28/06/2022 14:44,18:34,Campania,Caserta,Mondragone,incaldana,41° 07' 48'' N,13° 53' 56'' E
37.579,13.213,,15908,1,27/06/2022,27/06/2022 05:51,06:13,Sicilia,Agrigento,Caltabellotta,NUVI,37° 34' 44'' N,13° 12' 46'' E
38.06,14.849,,15909,2,27/06/2022,27/06/2022 07:11,07:29,Sicilia,Messina,Sinagra,PIZZO CORVO,38° 03' 36'' N,14° 50' 56'' E
42.556,12.495,,15910,3,27/06/2022,27/06/2022 07:00,08:46,Umbria,Terni,Narni,,42° 33' 21'' N,12° 29' 41'' E
40.846,14.106,,15911,4,27/06/2022,27/06/2022 07:00,09:02,Campania,Napoli,Pozzuoli,Monte Barbaro,40° 50' 45'' N,14° 06' 21'' E
39.244,16.106,,15912,5,27/06/2022,27/06/2022 11:19,11:32,Calabria,Cosenza,Fiumefreddo Bruzio,STRINCARA,39° 14' 38'' N,16° 06' 21'' E
37.338,13.404,,15913,6,27/06/2022,27/06/2022 11:30,11:36,Sicilia,Agrigento,Siculiana,pizzi - Siculiana (AG),37° 20' 16'' N,13° 24' 14'' E
41.647,12.888,,15914,7,27/06/2022,27/06/2022 12:28,13:07,Lazio,Latina,Cori,capo le mole,41° 38' 49'' N,12° 53' 16'' E
37.168,14.483,,15915,8,27/06/2022,27/06/2022 13:54,13:59,Sicilia,Catania,Caltagirone,Contrada Noce,37° 10' 04'' N,14° 28' 58'' E
42.031,12.314,,15916,9,27/06/2022,27/06/2022 14:23,16:25,Lazio,Roma,Roma,via santa maria di galerio,42° 01' 51'' N,12° 18' 50'' E
40.547,16.89,,15917,10,27/06/2022,27/06/2022 15:20,16:43,Puglia,Taranto,Castellaneta,Gaudella,40° 32' 49'' N,16° 53' 24'' E
36.955,15.158,,15918,11,27/06/2022,27/06/2022 16:43,16:48,Sicilia,Siracusa,Avola,Serra Palazzo,36° 57' 17'' N,15° 09' 28'' E
40.854,14.1,,15919,12,27/06/2022,27/06/2022 07:00,16:50,Campania,Napoli,Pozzuoli,"Monte Barbaro, Monte S.Angelo, Carpignone",40° 51' 14'' N,14° 05' 59'' E
41.809,12.732,,15920,13,27/06/2022,27/06/2022 17:14,17:14,Lazio,Roma,Monte Compatri,,41° 48' 32'' N,12° 43' 55'' E
39.51,16.834,,15921,14,27/06/2022,27/06/2022 17:20,17:28,Calabria,Cosenza,Mandatoriccio,Cipodano,39° 30' 35'' N,16° 50' 02'' E
38.123,14.871,,15922,15,27/06/2022,27/06/2022 18:18,18:24,Sicilia,Messina,Sant'Angelo di Brolo,Provvidenza,38° 07' 22'' N,14° 52' 15'' E
38.038,13.48,,15895,1,26/06/2022,26/06/2022 06:21,06:31,Sicilia,Palermo,Bagheria,Porcara,38° 02' 16'' N,13° 28' 48'' E
37.574,13.242,,15896,2,26/06/2022,26/06/2022 09:05,09:19,Sicilia,Agrigento,Caltabellotta,Favarelle,37° 34' 26'' N,13° 14' 31'' E
37.723,15.145,,15897,3,26/06/2022,26/06/2022 07:38,10:02,Sicilia,Catania,Giarre,Timpa Macchia,37° 43' 22'' N,15° 08' 41'' E
37.201,14.296,,15898,4,26/06/2022,26/06/2022 09:02,12:03,Sicilia,Caltanissetta,Mazzarino,DIGA DISUERI,37° 12' 03'' N,14° 17' 45'' E
41.926,12.823,,15899,5,26/06/2022,26/06/2022 11:49,12:28,Lazio,Roma,Tivoli,strada sp53A,41° 55' 33'' N,12° 49' 22'' E
42.555,12.504,,15900,6,26/06/2022,26/06/2022 10:57,14:05,Umbria,Terni,Narni,Colle di Sopra,42° 33' 17'' N,12° 30' 14'' E
38.096,15.457,,15901,7,26/06/2022,26/06/2022 14:35,15:03,Sicilia,Messina,Messina,Caccia,38° 05' 45'' N,15° 27' 25'' E
37.665,13.574,,15902,8,26/06/2022,26/06/2022 15:17,15:36,Sicilia,Palermo,Castronovo di Sicilia,castronovo di sicilia,37° 39' 53'' N,13° 34' 26'' E
41.46,13.471,,15903,9,26/06/2022,26/06/2022 17:47,17:58,Lazio,Frosinone,Pastena,Santa Croce,41° 27' 36'' N,13° 28' 15'' E
41.047,9.237,,15904,10,26/06/2022,26/06/2022 17:52,17:59,Sardegna,Olbia-Tempio,Luogosanto,ST.ZI AGLIULEDDA,41° 02' 49'' N,09° 14' 13'' E
42.451,12.033,,15905,11,26/06/2022,26/06/2022 18:01,18:14,Lazio,Viterbo,Viterbo,Monetrazzano,42° 27' 03'' N,12° 01' 58'' E
43.453,12.023,,15906,12,26/06/2022,26/06/2022 18:20,18:29,Toscana,Arezzo,Arezzo,Socena,43° 27' 10'' N,12° 01' 22'' E
38.163,15.68,,15907,13,26/06/2022,26/06/2022 18:09,18:35,Calabria,Reggio di Calabria,Reggio di Calabria,Contrada Zarmà,38° 09' 46'' N,15° 40' 47'' E
41.689,16.002,,15879,1,25/06/2022,25/06/2022 05:00,05:57,Puglia,Foggia,Monte Sant'Angelo,Macchia,41° 41' 20'' N,16° 00' 07'' E
38.105,13.267,,15880,2,25/06/2022,25/06/2022 06:12,06:17,Sicilia,Palermo,Palermo,Valle Paradiso - Palermo (PA),38° 06' 17'' N,13° 16' 01'' E
38.254,15.57,,15881,3,25/06/2022,25/06/2022 08:50,09:05,Sicilia,Messina,Messina,marotta superiore,38° 15' 14'' N,15° 34' 12'' E
37.207,15.08,,15882,4,25/06/2022,25/06/2022 11:11,11:25,Sicilia,Siracusa,Melilli,MASSERIA PARISI,37° 12' 25'' N,15° 04' 48'' E
37.613,13.299,,15883,5,25/06/2022,25/06/2022 11:21,11:42,Sicilia,Agrigento,Burgio,C.DA SPARACIA,37° 36' 46'' N,13° 17' 56'' E
40.335,9.536,,15884,6,25/06/2022,25/06/2022 12:31,12:56,Sardegna,Nuoro,Dorgali,Serra Orrios,40° 20' 06'' N,09° 32' 09'' E
38.175,15.681,,15885,7,25/06/2022,25/06/2022 13:00,13:21,Calabria,Reggio di Calabria,Reggio di Calabria,,38° 10' 29'' N,15° 40' 51'' E
38.023,15.676,,15886,8,25/06/2022,25/06/2022 13:44,13:53,Calabria,Reggio di Calabria,Reggio di Calabria,Contrada Cutuli,38° 01' 22'' N,15° 40' 33'' E
38.211,15.744,,15887,9,25/06/2022,25/06/2022 14:35,14:43,Calabria,Reggio di Calabria,San Roberto,Florastro,38° 12' 39'' N,15° 44' 38'' E
39.746,8.687,,15888,10,25/06/2022,25/06/2022 15:10,15:18,Sardegna,Oristano,Marrubiu,NURAGHE SPUGNAU,39° 44' 45'' N,08° 41' 13'' E
39.813,8.888,,15889,11,25/06/2022,25/06/2022 15:18,15:28,Sardegna,Oristano,Assolo,SERRA GUREU,39° 48' 46'' N,08° 53' 16'' E
38.099,13.261,,15890,12,25/06/2022,25/06/2022 12:13,16:43,Sicilia,Palermo,Monreale,Monte Pietroso,38° 05' 56'' N,13° 15' 39'' E
41.141,16.108,,15891,13,25/06/2022,25/06/2022 14:35,16:56,Puglia,Barletta-Andria-Trani,Minervino Murge,campo verde,41° 08' 27'' N,16° 06' 28'' E
38.141,15.747,,15892,14,25/06/2022,25/06/2022 16:48,17:31,Calabria,Reggio di Calabria,Reggio di Calabria,Straorino,38° 08' 27'' N,15° 44' 49'' E
39.096,8.781,,15893,15,25/06/2022,25/06/2022 17:22,17:31,Sardegna,Carbonia-Iglesias,Santadi,ROCCIA CASTEDDU,39° 05' 45'' N,08° 46' 51'' E
41.45,13.466,,15894,16,25/06/2022,25/06/2022 16:39,17:43,Lazio,Frosinone,Pastena,Pozzorale Santa Croce,41° 27' 00'' N,13° 27' 57'' E
41.24,13.555,,15867,1,24/06/2022,24/06/2022 09:59,11:44,Lazio,Latina,Gaeta,vignole,41° 14' 24'' N,13° 33' 17'' E
37.527,13.253,,15868,2,24/06/2022,24/06/2022 12:36,12:51,Sicilia,Agrigento,Caltabellotta,GIRAFFE,37° 31' 37'' N,13° 15' 10'' E
38.21,15.683,,15869,3,24/06/2022,24/06/2022 14:09,14:14,Calabria,Reggio di Calabria,Fiumara,Via Tobruk,38° 12' 36'' N,15° 40' 58'' E
37.061,15.126,,15870,4,24/06/2022,24/06/2022 15:22,15:47,Sicilia,Siracusa,Siracusa,monasteri di sopra,37° 03' 39'' N,15° 07' 33'' E
38.637,16.246,,15871,5,24/06/2022,24/06/2022 15:53,15:57,Calabria,Vibo Valentia,Vazzano,Caverre,38° 38' 13'' N,16° 14' 45'' E
37.491,13.947,,15872,6,24/06/2022,24/06/2022 16:35,16:46,Sicilia,Caltanissetta,San Cataldo,VALLE DEI PINI,37° 29' 27'' N,13° 56' 49'' E
38.33,15.838,,15873,7,24/06/2022,24/06/2022 16:58,17:03,Calabria,Reggio di Calabria,Seminara,Donna Pagana,38° 19' 47'' N,15° 50' 16'' E
37.498,14.107,,15874,8,24/06/2022,24/06/2022 17:02,17:21,Sicilia,Caltanissetta,Caltanissetta,SABUCINA,37° 29' 52'' N,14° 06' 25'' E
38.054,15.741,,15875,9,24/06/2022,24/06/2022 17:42,17:46,Calabria,Reggio di Calabria,Reggio di Calabria,Santa Venere,38° 03' 14'' N,15° 44' 27'' E
40.706,16.188,,15876,10,24/06/2022,24/06/2022 17:40,17:56,Basilicata,Matera,Irsina,Verrutoli,40° 42' 21'' N,16° 11' 16'' E
43.113,12.618,,15877,11,24/06/2022,24/06/2022 18:11,18:53,Umbria,Perugia,Assisi,via san Fortunato,43° 06' 46'' N,12° 37' 04'' E
41.684,16.009,,15878,12,24/06/2022,24/06/2022 17:07,19:05,Puglia,Foggia,Monte Sant'Angelo,Macchia,41° 41' 02'' N,16° 00' 32'' E
39.584,16.452,,15857,1,23/06/2022,23/06/2022 10:42,11:02,Calabria,Cosenza,San Giorgio Albanese,Contrada Ianello,39° 35' 02'' N,16° 27' 07'' E
42.124,11.852,,15858,2,23/06/2022,23/06/2022 09:27,11:34,Lazio,Roma,Civitavecchia,VIA ANDREA MONETA,42° 07' 26'' N,11° 51' 07'' E
37.989,15.653,,15859,3,23/06/2022,23/06/2022 11:58,12:05,Calabria,Reggio di Calabria,Motta San Giovanni,Bocale/Lazzaro,37° 59' 20'' N,15° 39' 10'' E
40.195,18.381,,15860,4,23/06/2022,23/06/2022 10:45,12:41,Puglia,Lecce,Carpignano Salentino,Santa Marina,40° 11' 42'' N,18° 22' 51'' E
38.076,15.664,,15861,5,23/06/2022,23/06/2022 14:30,14:40,Calabria,Reggio di Calabria,Reggio di Calabria,Morloquio,38° 04' 33'' N,15° 39' 50'' E
39.421,16.164,,15862,6,23/06/2022,23/06/2022 15:10,15:15,Calabria,Cosenza,Montalto Uffugo,San Nicola,39° 25' 15'' N,16° 09' 50'' E
40.442,16.692,,15863,7,23/06/2022,23/06/2022 16:30,16:44,Basilicata,Matera,Montescaglioso,AZZOPPATURA,40° 26' 31'' N,16° 41' 31'' E
38.182,15.655,,15864,8,23/06/2022,23/06/2022 16:58,17:10,Calabria,Reggio di Calabria,Reggio di Calabria,Arghillà,38° 10' 55'' N,15° 39' 17'' E
37.911,15.279,,15865,9,23/06/2022,23/06/2022 17:56,18:09,Sicilia,Messina,Mongiuffi Melia,MONGIULFI,37° 54' 39'' N,15° 16' 44'' E
37.968,15.76,,15866,10,23/06/2022,23/06/2022 18:48,18:57,Calabria,Reggio di Calabria,Montebello Ionico,Masella,37° 58' 04'' N,15° 45' 35'' E
41.572,15.858,,15850,1,22/06/2022,22/06/2022 06:35,06:46,Puglia,Foggia,Manfredonia,sciale delle rondinelle,41° 34' 19'' N,15° 51' 28'' E
39.877,15.814,,15851,2,22/06/2022,22/06/2022 10:33,10:36,Calabria,Cosenza,Praia a Mare,Foresta,39° 52' 37'' N,15° 48' 50'' E
40.963,16.573,,15852,3,22/06/2022,22/06/2022 12:15,13:30,Puglia,Bari,Toritto,Belvedere di Quasano,40° 57' 46'' N,16° 34' 22'' E
41.865,12.414,,15853,4,22/06/2022,22/06/2022 13:32,13:58,Lazio,Roma,Roma,,41° 51' 54'' N,12° 24' 50'' E
40.119,18.28,,15854,5,22/06/2022,22/06/2022 13:05,14:55,Puglia,Lecce,Maglie,Via Puzzovio,40° 07' 08'' N,18° 16' 48'' E
36.951,15.144,,15855,6,22/06/2022,22/06/2022 14:51,15:34,Sicilia,Siracusa,Avola,Cava Tangi,36° 57' 03'' N,15° 08' 38'' E
40.706,16.188,,15856,7,22/06/2022,22/06/2022 16:00,16:17,Basilicata,Matera,Irsina,Verrutoli,40° 42' 21'' N,16° 11' 16'' E
38.128,15.711,,15845,1,21/06/2022,21/06/2022 08:40,09:16,Calabria,Reggio di Calabria,Reggio di Calabria,Limbone,38° 07' 40'' N,15° 42' 39'' E
40.672,8.677,,15846,2,21/06/2022,21/06/2022 14:08,14:17,Sardegna,Sassari,Codrongianos,SU CRABILE,40° 40' 19'' N,08° 40' 37'' E
40.552,16.516,,15847,3,21/06/2022,21/06/2022 15:10,15:22,Basilicata,Matera,Miglionico,Corazze,40° 33' 07'' N,16° 30' 57'' E
41.572,15.858,,15848,4,21/06/2022,21/06/2022 13:25,15:52,Puglia,Foggia,Manfredonia,sciale delle rondinelle,41° 34' 19'' N,15° 51' 28'' E
38.215,15.687,,15849,5,21/06/2022,21/06/2022 17:35,18:36,Calabria,Reggio di Calabria,Fiumara,Mateniti,38° 12' 54'' N,15° 41' 13'' E
43.876,7.839,,15838,1,20/06/2022,20/06/2022 06:50,07:03,Liguria,Imperia,Taggia,VIA PRIMO MAGGIO,43° 52' 33'' N,07° 50' 20'' E
39.774,15.876,,15839,2,20/06/2022,20/06/2022 08:53,08:57,Calabria,Cosenza,Orsomarso,Tifano,39° 46' 26'' N,15° 52' 33'' E
39.116,16.963,,15840,3,20/06/2022,20/06/2022 12:20,12:26,Calabria,Crotone,Scandale,Madonna della Difesa,39° 06' 57'' N,16° 57' 46'' E
37.477,14.395,,15841,4,20/06/2022,20/06/2022 14:47,14:54,Sicilia,Enna,Enna,C.DA CAFECI,37° 28' 37'' N,14° 23' 41'' E
42.418,12.56,,15842,5,20/06/2022,20/06/2022 16:30,16:53,Umbria,Terni,Calvi dell'Umbria,colle tarocco,42° 25' 04'' N,12° 33' 36'' E
40.337,17.59,,15843,6,20/06/2022,20/06/2022 16:28,17:25,Puglia,Taranto,Maruggio,Bosco Speracavalli,40° 20' 13'' N,17° 35' 23'' E
41.161,13.931,,15844,7,20/06/2022,20/06/2022 14:40,17:26,Campania,Caserta,Falciano del Massico,Masseria Le Mure,41° 09' 39'' N,13° 55' 51'' E
43.876,7.839,,15834,1,19/06/2022,19/06/2022 13:40,14:37,Liguria,Imperia,Taggia,Via primo maggio,43° 52' 33'' N,07° 50' 20'' E
40.017,16.527,,15835,2,19/06/2022,19/06/2022 14:55,15:51,Calabria,Cosenza,Montegiordano,Caprara,40° 01' 01'' N,16° 31' 37'' E
40.343,9.022,,15836,3,19/06/2022,19/06/2022 16:00,16:12,Sardegna,Sassari,Illorai,TOTTOLOCCHE,40° 20' 34'' N,09° 01' 19'' E
39.771,15.874,,15837,4,19/06/2022,19/06/2022 17:45,18:44,Calabria,Cosenza,Orsomarso,Tifano,39° 46' 15'' N,15° 52' 26'' E
41.87,12.288,,15823,1,18/06/2022,18/06/2022 11:52,13:07,Lazio,Roma,Roma,roma,41° 52' 11'' N,12° 17' 16'' E
39.565,9.584,,15824,2,18/06/2022,18/06/2022 15:00,15:11,Sardegna,Cagliari,Villaputzu,RIU DI ULUEDU (VILLAPUTZU),39° 33' 53'' N,09° 35' 02'' E
40.333,17.617,,15825,3,18/06/2022,18/06/2022 14:30,15:46,Puglia,Taranto,Manduria,Mass. Li Suri,40° 19' 58'' N,17° 37' 01'' E
40.016,16.528,,15826,4,18/06/2022,18/06/2022 16:02,16:06,Calabria,Cosenza,Montegiordano,C.da Caprara,40° 00' 57'' N,16° 31' 40'' E
40.292,8.76,,15827,5,18/06/2022,18/06/2022 15:55,16:16,Sardegna,Nuoro,Macomer,SA MENTA (MACOMER),40° 17' 31'' N,08° 45' 35'' E
41.673,15.735,,15828,6,18/06/2022,18/06/2022 15:25,16:51,Puglia,Foggia,San Giovanni Rotondo,valle grande,41° 40' 22'' N,15° 44' 05'' E
39.5,8.751,,15829,7,18/06/2022,18/06/2022 16:40,17:06,Sardegna,Medio Campidano,Villacidro,SU FILIXI (VILLACIDRO),39° 30' 00'' N,08° 45' 03'' E
42.424,12.335,,15830,8,18/06/2022,18/06/2022 17:01,17:16,Lazio,Viterbo,Vasanello,CESURLI,42° 25' 26'' N,12° 20' 06'' E
41.279,13.675,,15831,9,18/06/2022,18/06/2022 18:04,18:19,Lazio,Latina,Formia,,41° 16' 44'' N,13° 40' 30'' E
39.017,17.147,,15832,10,18/06/2022,18/06/2022 18:30,18:38,Calabria,Crotone,Crotone,Via Olimpia,39° 01' 01'' N,17° 08' 49'' E
41.557,13.856,,15833,11,18/06/2022,18/06/2022 19:08,19:32,Lazio,Frosinone,Sant'Elia Fiumerapido,VALLE LUCE,41° 33' 25'' N,13° 51' 21'' E
41.724,16.085,,15815,1,17/06/2022,17/06/2022 05:00,05:30,Puglia,Foggia,Mattinata,TAR DI LUPO,41° 43' 26'' N,16° 05' 06'' E
39.114,8.996,,15816,2,17/06/2022,17/06/2022 13:20,13:35,Sardegna,Cagliari,Sarroch,sa perda scritta,39° 06' 50'' N,08° 59' 45'' E
37.258,14.244,,15817,3,17/06/2022,17/06/2022 13:45,13:54,Sicilia,Caltanissetta,Mazzarino,Contrada Canalotto,37° 15' 28'' N,14° 14' 38'' E
37.575,13.248,,15818,4,17/06/2022,17/06/2022 14:25,14:33,Sicilia,Agrigento,Caltabellotta,Troccoli - Caltabellotta (AG),37° 34' 30'' N,13° 14' 52'' E
39.03,17.164,,15819,5,17/06/2022,17/06/2022 15:00,15:25,Calabria,Crotone,Crotone,Prestica,39° 01' 48'' N,17° 09' 50'' E
39.022,17.166,,15820,6,17/06/2022,17/06/2022 16:00,16:24,Calabria,Crotone,Crotone,Prestica,39° 01' 19'' N,17° 09' 57'' E
41.615,15.692,,15821,7,17/06/2022,17/06/2022 13:25,17:29,Puglia,Foggia,San Giovanni Rotondo,valle masseriola,41° 36' 54'' N,15° 41' 31'' E
37.718,13.275,,15822,8,17/06/2022,17/06/2022 18:08,18:14,Sicilia,Palermo,Bisacquino,Triona - Bisacquino (PA),37° 43' 04'' N,13° 16' 30'' E
40.404,9.012,,15810,1,16/06/2022,16/06/2022 14:10,14:25,Sardegna,Sassari,Bottidda,N.GHE LARATTU (BOTTIDDA),40° 24' 14'' N,09° 00' 43'' E
40.404,9.012,,15811,2,16/06/2022,16/06/2022 14:10,14:25,Sardegna,Sassari,Bottidda,N.GHE LARATTU (BOTTIDDA),40° 24' 14'' N,09° 00' 43'' E
37.438,14.488,,15812,3,16/06/2022,16/06/2022 14:48,14:55,Sicilia,Enna,Aidone,Monte Cittadella - Aidone (EN),37° 26' 16'' N,14° 29' 16'' E
42.564,12.35,,15813,4,16/06/2022,16/06/2022 15:49,17:41,Umbria,Terni,Lugnano in Teverina,LUGNANO,42° 33' 50'' N,12° 20' 59'' E
38.119,15.696,,15814,5,16/06/2022,16/06/2022 18:16,18:20,Calabria,Reggio di Calabria,Reggio di Calabria,Pietrastorta,38° 07' 08'' N,15° 41' 45'' E
39.997,18.239,,15809,1,15/06/2022,15/06/2022 12:25,12:43,Puglia,Lecce,Ruffano,Peticare,39° 59' 49'' N,18° 14' 20'' E
37.445,14.303,,15807,1,14/06/2022,14/06/2022 15:09,16:10,Sicilia,Enna,Enna,Contrada Serra D'Api,37° 26' 42'' N,14° 18' 10'' E
37.394,13.413,,15808,2,14/06/2022,14/06/2022 15:55,17:19,Sicilia,Agrigento,Agrigento,SAN GIORGIO,37° 23' 38'' N,13° 24' 46'' E
36.961,15.127,,15804,1,12/06/2022,12/06/2022 13:31,13:46,Sicilia,Siracusa,Avola,stirata uzzo,36° 57' 39'' N,15° 07' 37'' E
39.133,16.985,,15805,2,12/06/2022,12/06/2022 14:06,14:11,Calabria,Crotone,Scandale,Ponticello di S. Pietro,39° 07' 58'' N,16° 59' 05'' E
37.84,15.209,,15806,3,12/06/2022,12/06/2022 16:40,16:45,Sicilia,Catania,Calatabiano,calatabiano,37° 50' 24'' N,15° 12' 32'' E
40.286,9.293,,15803,1,10/06/2022,10/06/2022 17:21,17:42,Sardegna,Nuoro,Nuoro,S.S. DI BUDDUSO E DEL CORREBOI,40° 17' 09'' N,09° 17' 34'' E
36.942,15.114,,15801,1,09/06/2022,09/06/2022 15:12,15:24,Sicilia,Siracusa,Avola,COZZO CAPPELLO,36° 56' 31'' N,15° 06' 50'' E
37.437,13.546,,15802,2,09/06/2022,09/06/2022 15:34,15:42,Sicilia,Agrigento,Santa Elisabetta,MONTAGNA DEL COMUN,37° 26' 13'' N,13° 32' 45'' E
37.696,14.893,,15795,1,08/06/2022,07/06/2022 19:16,05:46,Sicilia,Catania,Adrano,D'Urso,37° 41' 45'' N,14° 53' 34'' E
39.96,15.884,,15796,2,08/06/2022,08/06/2022 11:16,11:52,Calabria,Cosenza,Tortora,XV5P,39° 57' 36'' N,15° 53' 02'' E
39.811,16.196,,15797,3,08/06/2022,08/06/2022 12:45,12:49,Calabria,Cosenza,Castrovillari,Filicetti,39° 48' 39'' N,16° 11' 45'' E
38.535,14.36,,15798,4,08/06/2022,08/06/2022 13:33,13:33,Sicilia,Messina,Lipari,,38° 32' 05'' N,14° 21' 35'' E
36.876,15.106,,15799,5,08/06/2022,08/06/2022 14:41,14:48,Sicilia,Siracusa,Noto,S.P. 34/Falconara,36° 52' 33'' N,15° 06' 21'' E
41.874,13.016,,15800,6,08/06/2022,08/06/2022 16:45,17:00,Lazio,Roma,Bellegra,Casale,41° 52' 26'' N,13° 00' 57'' E
41.743,16.141,,15789,1,07/06/2022,07/06/2022 05:30,06:07,Puglia,Foggia,Mattinata,Baia delle Zagare,41° 44' 34'' N,16° 08' 27'' E
41.742,16.135,,15790,2,07/06/2022,07/06/2022 09:00,12:17,Puglia,Foggia,Mattinata,Scapone,41° 44' 31'' N,16° 08' 06'' E
39.96,15.884,,15791,3,07/06/2022,07/06/2022 14:18,14:30,Calabria,Cosenza,Tortora,Sant'Elia,39° 57' 36'' N,15° 53' 02'' E
38.979,16.253,,15792,4,07/06/2022,07/06/2022 16:00,16:13,Calabria,Catanzaro,Lamezia Terme,Vonio,38° 58' 44'' N,16° 15' 10'' E
40.826,16.411,,15793,5,07/06/2022,07/06/2022 15:50,16:14,Puglia,Bari,Gravina in Puglia,Capotenda,40° 49' 33'' N,16° 24' 39'' E
42.121,13.033,,15794,6,07/06/2022,07/06/2022 17:40,18:13,Abruzzo,L'Aquila,Carsoli,POGGIO CINOLFO,42° 07' 15'' N,13° 01' 58'' E
37.607,15.016,,15786,1,06/06/2022,06/06/2022 15:15,15:25,Sicilia,Catania,Nicolosi,Monpileri,37° 36' 25'' N,15° 00' 57'' E
40.636,17.982,,15787,2,06/06/2022,06/06/2022 16:00,16:18,Puglia,Brindisi,Brindisi,zona industriale,40° 38' 09'' N,17° 58' 55'' E
41.742,16.135,,15788,3,06/06/2022,06/06/2022 17:00,18:51,Puglia,Foggia,Mattinata,BAIA DELLE ZAGARE,41° 44' 31'' N,16° 08' 06'' E
41.483,13.278,,15783,1,05/06/2022,05/06/2022 14:30,15:05,Lazio,Latina,Prossedi,Pisterzo,41° 28' 58'' N,13° 16' 40'' E
37.622,14.931,,15784,2,05/06/2022,05/06/2022 11:54,15:26,Sicilia,Catania,Ragalna,Monte Capreria,37° 37' 19'' N,14° 55' 51'' E
38.422,16.126,,15785,3,05/06/2022,05/06/2022 17:40,17:47,Calabria,Reggio di Calabria,Cinquefrondi,Monte limina,38° 25' 19'' N,16° 07' 33'' E
39.522,16.299,,15778,1,04/06/2022,04/06/2022 07:18,07:23,Calabria,Cosenza,Bisignano,Rottani,39° 31' 19'' N,16° 17' 56'' E
38.047,13.379,,15779,2,04/06/2022,04/06/2022 12:41,12:55,Sicilia,Palermo,Belmonte Mezzagno,BELMONTE MEZZAGNO,38° 02' 49'' N,13° 22' 44'' E
37.308,13.565,,15780,3,04/06/2022,04/06/2022 15:26,15:35,Sicilia,Agrigento,Agrigento,FONDACAZZO,37° 18' 28'' N,13° 33' 53'' E
38.012,13.979,,15781,4,04/06/2022,04/06/2022 15:39,15:52,Sicilia,Palermo,Cefalù,CAMPELLA,38° 00' 43'' N,13° 58' 44'' E
37.268,13.67,,15782,5,04/06/2022,04/06/2022 15:37,17:00,Sicilia,Agrigento,Favara,MINIERA  LUCIA(ZOLFO),37° 16' 04'' N,13° 40' 11'' E
42.497,12.486,,15777,1,03/06/2022,03/06/2022 14:06,14:23,Umbria,Terni,Narni,Taizzano,42° 29' 49'' N,12° 29' 09'' E
39.955,18.399,,15772,1,02/06/2022,02/06/2022 11:18,12:52,Puglia,Lecce,Tricase,Serra del Mito,39° 57' 17'' N,18° 23' 56'' E
38.717,16.514,,15773,2,02/06/2022,02/06/2022 14:35,14:53,Calabria,Catanzaro,Montepaone,Via Roma,38° 43' 01'' N,16° 30' 50'' E
36.806,14.926,,15774,3,02/06/2022,02/06/2022 15:06,15:16,Sicilia,Ragusa,Ispica,Contrada Salvia - Ispica (RG),36° 48' 21'' N,14° 55' 33'' E
37.999,15.7,,15775,4,02/06/2022,02/06/2022 15:28,15:35,Calabria,Reggio di Calabria,Motta San Giovanni,C.da Dieni,37° 59' 56'' N,15° 41' 59'' E
41.488,13.926,,15776,5,02/06/2022,02/06/2022 16:41,17:33,Lazio,Frosinone,Cervaro,Piternis,41° 29' 16'' N,13° 55' 33'' E
38.149,15.704,,15771,1,01/06/2022,01/06/2022 17:37,17:42,Calabria,Reggio di Calabria,Reggio di Calabria,ortì,38° 08' 56'' N,15° 42' 14'' E